Oligo Name,Length,Tm,Tm (3' only),Sequence
16447___GSGLink2-CRPos0-DTBA_rev,60,60,60,GTAGATCTGGAGTCGACGGTGGATTGATAGAGACCGTTTAAACTGGCTGCTACCCACGCC
16447___GSGLink2-CRPos0-DTBA_rev,60,60,60,GTAGATCTGGAGTCGACGGTGGATTGATAGAGACCGTTTAAACTGGCTGCTACCCACGCC
16448__DTBA-CRPos1-TP_fwd,59,60,60,GTTTAAACTGGCTGCTACCCACGCCTGGTCTCTCCAGTGATACCGTCGACCTCGAGTCA
16448__DTBA-CRPos1-TP_fwd,59,60,60,GTTTAAACTGGCTGCTACCCACGCCTGGTCTCTCCAGTGATACCGTCGACCTCGAGTCA
15026__WPRE_split_rev_elimBbsI,50,60,60,CTGCCGGCTCTGCGGCCTCTTCCGCTTCTTCGCCTTCGCCCTCAGACGAG
15026__WPRE_split_rev_elimBbsI,50,60,60,CTGCCGGCTCTGCGGCCTCTTCCGCTTCTTCGCCTTCGCCCTCAGACGAG
15041__BBUT-INS_fwd,47,60,60,GTCGGCGGGACCAGGGAGTTTAAACTAGCATCGCGATAAGCTCTAGA
15041__BBUT-INS_fwd,47,60,60,GTCGGCGGGACCAGGGAGTTTAAACTAGCATCGCGATAAGCTCTAGA
16449_(40)_forward,44,69.023,65.455,GGACCAGGGAGTTTAAACTTAGCATCGCGATAAGCTCTAGAGGG
16450_(40)_reverse,33,77.469,66.466,GGACTGTGGGCGATAGCATGCACGCGTGTCGAC
16451_(178)_forward,29,75.293,66.423,CGTGCATGCTATCGCCCACAGTCCCCGAG
16452_(178)_reverse,28,72.769,61.443,GCCCCATCGCTCACGACACCTGAAATGG
16453_(1015)_forward,31,78.628,66.625,GGTGTCGTGAGCGATGGGGCTCTAGCGGGGG
16454_(1015)_reverse,44,71.370,69.059,GGTCGACGGTATCACAGCTCGAGACTTTCCTCTTCTTCTTGGGG
16455_(1024)_forward,29,71.900,59.435,AGTCTCGAGCTGTGATACCGTCGACCTCG
16456_(1024)_reverse,49,75.946,68.707,CCCTCTAGAGCTTATCGCGATGCTAAGTTTAAACTCCCTGGTCCCGCCG
